C,epsilon,gamma,tol
19.08374928032402,0.05852766346593507,2.8834204418832886e-05,0.19753086419753085
